Temperature,Mean Cluster Radius,Standard Deviation,Grid Size X,Grid Size Y,Time Steps,Beta,Beta Leader,H,P Occupation,P Opinion 1,S Leader,S Mean,T Max,N Simulations
0.0,3.5603726809107767,0.15591931168861933,45,45,10,1,1,0,1,0,400,1,40,10
5.0,3.6244111991499444,0.0992056392903927,45,45,10,1,1,0,1,0,400,1,40,10
10.0,3.611345923121834,0.0942653546469967,45,45,10,1,1,0,1,0,400,1,40,10
15.0,3.610617716671596,0.11893291215055536,45,45,10,1,1,0,1,0,400,1,40,10
20.0,3.8596023048079084,0.17945392372768806,45,45,10,1,1,0,1,0,400,1,40,10
25.0,3.9546139892904852,0.23174465380861003,45,45,10,1,1,0,1,0,400,1,40,10
30.0,4.3156198916107344,0.35196199703806247,45,45,10,1,1,0,1,0,400,1,40,10
35.0,4.837775049049249,0.4963437500887731,45,45,10,1,1,0,1,0,400,1,40,10
40.0,5.454616177035411,0.4102336681696347,45,45,10,1,1,0,1,0,400,1,40,10
